Workbook

Sheet Instructions
B1: AI Guided Search - beta search export for HMRC review
B4: HOW THIS WORKBOOK WORKS
B5: Each row on the Searches sheet is one journey. The Examples sheet shows what a finished review looks like.
B6: The blue-headed columns are populated with data from real searches; the yellow ones are for classification experts to fill in. Some have dropdowns to save typing.
B7: The Overall verdict is the one that matters most: the Summary only counts rows where it is set. Review as many or as few as you have time for.
B8: The Summary sheet keeps score as you go. A blank percentage just means nothing is marked yet.
B9: If the sheet feels wide, the minus button above the Q&A block collapses it, and the arrows on row 2 filter.
B11: LEGEND
B12: Blue headers | C12: Columns filled by the export.
B13: Yellow columns | C13: Columns for you to fill in.
B14: Grey rows | C14: Worked examples, on the Examples sheet.
B16: COLUMN DICTIONARY (Searches sheet)
B17: Column | C17: Name | D17: Filled by | E17: What it contains
B18: A | C18: Search ID | D18: Export | E18: Unique reference for the journey. Quote it when you report an issue.
B19: B | C19: Searched term | D19: Export | E19: What the user typed, exactly as entered.
B20: C | C20: Expansions used? | D20: Export | E20: Yes = the search also used related words the system added.
B21: D | C21: Expansion terms | D21: Export | E21: The added words, one per line. Blank if none.
B22: E,H,K,N,Q,T,W | C22: Q1-Q7 - Question | D22: Export | E22: The question shown. Blank = not asked.
B23: F,I,L,O,R,U,X | C23: Q1-Q7 - Answers offered | D23: Export | E23: The options shown, one per line.
B24: G,J,M,P,S,V,Y | C24: Q1-Q7 - Answer selected | D24: Export | E24: The option picked.
B25: Z | C25: End page type | D25: Export | E25: The page the journey ended on: Result, Intercept, or No result.
B26: AA | C26: Results offered | D26: Export | E26: 'commodity code - description', one per line, in on-screen order.
B27: AB | C27: Confidence labels | D27: Export | E27: One label per line (Strong, Good or Possible), aligned with Results offered. Blank when the page showed no label. Guided search has no numeric confidence score.
B28: AC | C28: Results clicked | D28: Export | E28: The results the user opened from the results page, written as in Results offered, one per line, in click order. Blank = no result was opened.
... B34: AI | C34: Where would the rule be found? | D34: HMRC | E34: Chapter note, Section note, Heading terms, Explanatory notes, CDS guidance, In heads (officer knowledge), or Other.

Sheet Searches
A1: SEARCH INPUT | E1: Q&A JOURNEY (UP TO 7 QUESTIONS) | Z1: RESULT | AD1: HMRC REVIEW - FILL IN THE YELLOW COLUMNS
A2: Search ID | B2: Searched term | C2: Expansions used? | D2: Expansion terms | E2: Q1 - Question | F2: Q1 - Answers offered | G2: Q1 - Answer selected | H2: Q2 - Question | I2: Q2 - Answers offered | J2: Q2 - Answer selected | K2: Q3 - Question | L2: Q3 - Answers offered | M2: Q3 - Answer selected | N2: Q4 - Question | O2: Q4 - Answers offered | P2: Q4 - Answer selected | Q2: Q5 - Question | R2: Q5 - Answers offered | S2: Q5 - Answer selected | T2: Q6 - Question | U2: Q6 - Answers offered | V2: Q6 - Answer selected | W2: Q7 - Question | X2: Q7 - Answers offered | Y2: Q7 - Answer selected | Z2: End page type | AA2: Results offered | AB2: Confidence labels | AC2: Results clicked | AD2: Overall verdict (Good / Bad) | AE2: Q&A behaved correctly? (Yes / No) | AF2: Results and confidence in line? (Yes / No) | AG2: Issue explanation | AH2: Missing perspective / rule | AI2: Where would the rule be found?

Sheet Examples
A1: SEARCH INPUT | E1: Q&A JOURNEY (UP TO 7 QUESTIONS) | Z1: RESULT | AD1: HMRC REVIEW - WORKED EXAMPLE, DO NOT EDIT
A2: Search ID | B2: Searched term | C2: Expansions used? | D2: Expansion terms | E2: Q1 - Question | F2: Q1 - Answers offered | G2: Q1 - Answer selected | H2: Q2 - Question | I2: Q2 - Answers offered | J2: Q2 - Answer selected | K2: Q3 - Question | L2: Q3 - Answers offered | M2: Q3 - Answer selected | N2: Q4 - Question | O2: Q4 - Answers offered | P2: Q4 - Answer selected | Q2: Q5 - Question | R2: Q5 - Answers offered | S2: Q5 - Answer selected | T2: Q6 - Question | U2: Q6 - Answers offered | V2: Q6 - Answer selected | W2: Q7 - Question | X2: Q7 - Answers offered | Y2: Q7 - Answer selected | Z2: End page type | AA2: Results offered | AB2: Confidence labels | AC2: Results clicked | AD2: Overall verdict (Good / Bad) | AE2: Q&A behaved correctly? (Yes / No) | AF2: Results and confidence in line? (Yes / No) | AG2: Issue explanation | AH2: Missing perspective / rule | AI2: Where would the rule be found?
A3: EXAMPLE-001 | B3: frozen chicken breast fillets | C3: Yes | D3: poultry meat chicken cuts, frozen | E3: Is the chicken meat boneless or bone-in? | F3: Boneless Bone-in | G3: Boneless | H3: How is the product prepared? | I3: Raw Cooked Seasoned or marinated | J3: Raw | Z3: Result | AA3: 0207141000 - Frozen boneless cuts of fowl of the species Gallus domesticus 0207149900 - Frozen edible offal of fowl of the species Gallus domesticus | AB3: Strong Possible | AC3: 0207141000 - Frozen boneless cuts of fowl of the species Gallus domesticus | AD3: Good | AE3: Yes | AF3: Yes
A4: EXAMPLE-002 | B4: drone | C4: No | Z4: Result | AA4: 9503009990 - Other toys, put up in sets or outfits | AB4: Good | AC4: 9503009990 - Other toys, put up in sets or outfits | AD4: Bad | AE4: No | AF4: No | AG4: No questions were asked. A drone's classification depends on its weight and whether it has a camera, so it should have asked. | AH4: Unmanned aircraft belong in heading 8806 unless they are toy-grade. | AI4: Heading terms
A6: Worked examples only. Live data goes on the Searches sheet, which starts empty.

Sheet Summary
A1: AI Guided Search - beta review summary
A2: Each block names the rows it counts. Percentages use only the rows you have marked; blank means nothing is marked yet.
A4: REVIEW PROGRESS
A5: Searches in the sheet | B5: =COUNTA(Searches!$A$3:$A$1048576) | C5: All rows with a Search ID.
A6: Searches reviewed | B6: =COUNTIFS(Searches!$A$3:$A$1048576,"<>",Searches!$AD$3:$AD$1048576,"Good")+COUNTIFS(Searches!$A$3:$A$1048576,"<>",Searches!$AD$3:$AD$1048576,"Bad") | C6: Rows with a Search ID and an Overall verdict.
A7: Share reviewed | B7: =IFERROR(B6/(B5),"")
A9: OVERALL VERDICT (rows with a verdict)
A10: Good | B10: =COUNTIFS(Searches!$A$3:$A$1048576,"<>",Searches!$AD$3:$AD$1048576,"Good")
A11: Bad | B11: =COUNTIFS(Searches!$A$3:$A$1048576,"<>",Searches!$AD$3:$AD$1048576,"Bad")
A12: Share good | B12: =IFERROR(B10/($B$6),"") | C12: Good as a share of reviewed rows.
A14: CHECKS (Yes as a share of Yes+No answers)
A15: Q&A behaved correctly | B15: =IFERROR(COUNTIFS(Searches!$A$3:$A$1048576,"<>",Searches!$AE$3:$AE$1048576,"Yes")/(COUNTIFS(Searches!$A$3:$A$1048576,"<>",Searches!$AE$3:$AE$1048576,"Yes")+COUNTIFS(Searches!$A$3:$A$1048576,"<>",Searches!$AE$3:$AE$1048576,"No")),"")
A16: Results and confidence in line | B16: =IFERROR(COUNTIFS(Searches!$A$3:$A$1048576,"<>",Searches!$AF$3:$AF$1048576,"Yes")/(COUNTIFS(Searches!$A$3:$A$1048576,"<>",Searches!$AF$3:$AF$1048576,"Yes")+COUNTIFS(Searches!$A$3:$A$1048576,"<>",Searches!$AF$3:$AF$1048576,"No")),"")
A18: EXPANSIONS AND OUTCOMES (rows with a verdict)
A19: With expansions - Good | B19: =COUNTIFS(Searches!$A$3:$A$1048576,"<>",Searches!$C$3:$C$1048576,"Yes",Searches!$AD$3:$AD$1048576,"Good")
A20: With expansions - Bad | B20: =COUNTIFS(Searches!$A$3:$A$1048576,"<>",Searches!$C$3:$C$1048576,"Yes",Searches!$AD$3:$AD$1048576,"Bad")
A21: With expansions - share good | B21: =IFERROR(B19/(B19+B20),"")
A22: Without expansions - Good | B22: =COUNTIFS(Searches!$A$3:$A$1048576,"<>",Searches!$C$3:$C$1048576,"No",Searches!$AD$3:$AD$1048576,"Good")
A23: Without expansions - Bad | B23: =COUNTIFS(Searches!$A$3:$A$1048576,"<>",Searches!$C$3:$C$1048576,"No",Searches!$AD$3:$AD$1048576,"Bad")
A24: Without expansions - share good | B24: =IFERROR(B22/(B22+B23),"")
A26: END PAGE TYPES (all exported rows)
A27: Result | B27: =COUNTIFS(Searches!$A$3:$A$1048576,"<>",Searches!$Z$3:$Z$1048576,"Result")
A28: Intercept | B28: =COUNTIFS(Searches!$A$3:$A$1048576,"<>",Searches!$Z$3:$Z$1048576,"Intercept")
A29: No result | B29: =COUNTIFS(Searches!$A$3:$A$1048576,"<>",Searches!$Z$3:$Z$1048576,"No result")
A31: MISSING RULE LOCATIONS (rows with a location picked)
A32: Chapter note | B32: =COUNTIFS(Searches!$A$3:$A$1048576,"<>",Searches!$AI$3:$AI$1048576,"Chapter note")
A33: Section note | B33: =COUNTIFS(Searches!$A$3:$A$1048576,"<>",Searches!$AI$3:$AI$1048576,"Section note")
A34: Heading terms | B34: =COUNTIFS(Searches!$A$3:$A$1048576,"<>",Searches!$AI$3:$AI$1048576,"Heading terms")
A35: Explanatory notes | B35: =COUNTIFS(Searches!$A$3:$A$1048576,"<>",Searches!$AI$3:$AI$1048576,"Explanatory notes")
A36: CDS guidance | B36: =COUNTIFS(Searches!$A$3:$A$1048576,"<>",Searches!$AI$3:$AI$1048576,"CDS guidance")
A37: In heads | B37: =COUNTIFS(Searches!$A$3:$A$1048576,"<>",Searches!$AI$3:$AI$1048576,"In heads")
A38: Other | B38: =COUNTIFS(Searches!$A$3:$A$1048576,"<>",Searches!$AI$3:$AI$1048576,"Other")
A40: RESULT CLICKS (rows that ended on a Result page)
A41: With a result clicked | B41: =COUNTIFS(Searches!$A$3:$A$1048576,"<>",Searches!$Z$3:$Z$1048576,"Result",Searches!$AC$3:$AC$1048576,"<>")
A42: Without a result clicked | B42: =B27-B41
A43: Share with a result clicked | B43: =IFERROR(B41/(B27),"") | C43: A click shows which result the user opened. It does not show that the result is correct.
